"File","Build","Level","Feat","Match"
"KM_Builds_A.md","ELEMENTAL CHANNEL BOMBER ALCHEMIST","13","True Perpetual Infusions","True Perpetual Infusions"
"KM_Builds_A.md","ELEMENTAL CHANNEL BOMBER ALCHEMIST","15","Mega Bomb (massive AoE, 3 reagents)","Mega Bomb"
"KM_Builds_A.md","ELEMENTAL CHANNEL BOMBER ALCHEMIST","17","Perfect Bombs","Perfect Bombs"
"KM_Builds_A.md","HEX MUTAGENIST ALCHEMIST","13","True Perpetual Infusions","True Perpetual Infusions"
"KM_Builds_A.md","HEX MUTAGENIST ALCHEMIST","17","Perfect Mutagen","Perfect Mutagen"
"KM_Builds_A.md","OVERDRIVE CHIRURGEON ALCHEMIST","13","True Perpetual Infusions","True Perpetual Infusions"
"KM_Builds_A.md","OVERDRIVE CHIRURGEON ALCHEMIST","17","Perfect Elixir","Perfect Elixir"
"KM_Builds_A2.md","ROGUE TOXICOLOGIST ALCHEMIST","13","True Perpetual Infusions","True Perpetual Infusions"
"KM_Builds_A2.md","ROGUE TOXICOLOGIST ALCHEMIST","17","Perfect Mutagen","Perfect Mutagen"
"KM_Builds_A2.md","AMP BOMBER ALCHEMIST","13","True Perpetual Infusions","True Perpetual Infusions"
"KM_Builds_A2.md","AMP BOMBER ALCHEMIST","15","Mega Bomb","Mega Bomb"
"KM_Builds_A2.md","AMP BOMBER ALCHEMIST","17","Perfect Bombs","Perfect Bombs"
"KM_Builds_A2.md","PURE BOMBER ALCHEMIST","13","True Perpetual Infusions","True Perpetual Infusions"
"KM_Builds_A2.md","PURE BOMBER ALCHEMIST","15","Mega Bomb (massive AoE, 3 reagents)","Mega Bomb"
"KM_Builds_A2.md","PURE BOMBER ALCHEMIST","17","Perfect Bombs","Perfect Bombs"
"KM_Builds_A2.md","THE GRAND MUTAGENIC LOGISTICIAN","10","Healer-aligned celestial heritage matches Revivifying Mutagen + Miracle Worker's late-game resurrection identity at the thematic level.","Miracle Worker"
"KM_Builds_A2.md","THE GRAND MUTAGENIC LOGISTICIAN","12","Miracle Worker (revive a creature dead <2 rounds with elixir)","Miracle Worker"
"KM_Builds_A2.md","THE GRAND MUTAGENIC LOGISTICIAN","13","True Perpetual Infusions","True Perpetual Infusions"
"KM_Builds_A2.md","THE GRAND MUTAGENIC LOGISTICIAN","17","Ultimate Mutagen (mutagen grants major bonuses with no drawback)","Ultimate Mutagen"
"KM_Builds_A2.md","THE GRAND MUTAGENIC LOGISTICIAN","20","Perfect Mutagen","Perfect Mutagen"
"KM_Builds_A2.md","WILDSHAPE CHIRURGEON ALCHEMIST","13","True Perpetual Infusions","True Perpetual Infusions"
"KM_Builds_A2.md","WILDSHAPE CHIRURGEON ALCHEMIST","17","Perfect Elixir","Perfect Elixir"
"KM_Builds_A3.md","SPIRIT WARDEN ANIMIST","4","Two L1 feats accelerates the Wandering Liturgist + Guardian Spirit path — triple aura at L6 instead of potentially L7.","Guardian Spirit"
"KM_Builds_A3.md","SPIRIT WARDEN ANIMIST","1","Stonegate Dwarf (heritage, auto) + Dwarven Lore (ancestry) + + Guardian Spirit","Guardian Spirit"
"KM_Builds_A3.md","SPIRIT WARDEN ANIMIST","2","Wandering Liturgist (2nd apparition)","Wandering Liturgist"
"KM_Builds_A3.md","SPIRIT WARDEN ANIMIST","15","Legendary Liturgist","Legendary Liturgist"
"KM_Builds_A3.md","ELEMENTAL APPARITION BLASTER ANIMIST","3","Two L1 feats takes Elemental Blast Initiate + Fey-Touched path simultaneously — one level ahead on damage scaling.","Elemental Blast Initiate"
"KM_Builds_A3.md","ELEMENTAL APPARITION BLASTER ANIMIST","1","Fey-Touched (heritage, auto) + Animal Accomplice (ancestry) + + Elemental Blast Initiate","Elemental Blast Initiate"
"KM_Builds_A3.md","ELEMENTAL APPARITION BLASTER ANIMIST","4","Wandering Liturgist (support/utility apparition)","Wandering Liturgist"
"KM_Builds_A3.md","ELEMENTAL APPARITION BLASTER ANIMIST","15","Legendary Liturgist","Legendary Liturgist"
"KM_Builds_A3.md","DAILY RETRAIN SUPPORT ANIMIST","2","Wandering Liturgist (2nd apparition slot)","Wandering Liturgist"
"KM_Builds_A3.md","DAILY RETRAIN SUPPORT ANIMIST","6","Greater Wandering (3rd apparition slot)","Greater Wandering"
"KM_Builds_A3.md","DAILY RETRAIN SUPPORT ANIMIST","7","Rapid Swap (swap 1/day as 1-action ritual mid-dungeon)","Rapid Swap"
"KM_Builds_A3.md","DAILY RETRAIN SUPPORT ANIMIST","9","Spirit Communion (briefly channel 4th spirit 1/hour)","Spirit Communion"
"KM_Builds_A3.md","DAILY RETRAIN SUPPORT ANIMIST","15","Legendary Liturgist","Legendary Liturgist"
"KM_Builds_A3.md","ECHOING HIEROPHANT ANIMIST","3","Wandering Liturgist (2nd apparition slot)","Wandering Liturgist"
"KM_Builds_A3.md","ECHOING HIEROPHANT ANIMIST","15","Legendary Liturgist","Legendary Liturgist"
"KM_Builds_A3.md","KNOWLEDGE APPARITION SKILL GOD ANIMIST","2","Two L1 feats secures Knowledge Spirit + one more — the full skill identity is in place from session 1.","Knowledge Spirit"
"KM_Builds_A3.md","KNOWLEDGE APPARITION SKILL GOD ANIMIST","1","Natural Ambition + Knowledge Spirit","Knowledge Spirit"
"KM_Builds_A3.md","KNOWLEDGE APPARITION SKILL GOD ANIMIST","2","Wandering Liturgist (add combat/utility apparition)","Wandering Liturgist"
"KM_Builds_A3.md","KNOWLEDGE APPARITION SKILL GOD ANIMIST","15","Legendary Liturgist","Legendary Liturgist"
"KM_Builds_A4.md","WITNESS OF ANCIENT BATTLES ANIMIST","1","Natural Ambition + Spirit Blade Initiate","Spirit Blade Initiate"
"KM_Builds_A4.md","WITNESS OF ANCIENT BATTLES ANIMIST","4","Wandering Liturgist (attune 2nd apparition)","Wandering Liturgist"
"KM_Builds_A4.md","WITNESS OF ANCIENT BATTLES ANIMIST","15","Legendary Liturgist","Legendary Liturgist"
"KM_Builds_A4.md","SPIRIT GUIDE APPARITION SWAPPER ANIMIST","2","Wandering Liturgist (2nd apparition slot)","Wandering Liturgist"
"KM_Builds_A4.md","SPIRIT GUIDE APPARITION SWAPPER ANIMIST","6","Greater Wandering (3rd apparition slot)","Greater Wandering"
"KM_Builds_A4.md","SPIRIT GUIDE APPARITION SWAPPER ANIMIST","7","Rapid Swap (swap 1/day as 1-action ritual)","Rapid Swap"
"KM_Builds_A4.md","SPIRIT GUIDE APPARITION SWAPPER ANIMIST","9","Spirit Communion (briefly channel 4th spirit 1/hour)","Spirit Communion"
"KM_Builds_A4.md","SPIRIT GUIDE APPARITION SWAPPER ANIMIST","15","Legendary Liturgist","Legendary Liturgist"
"KM_Builds_A4.md","SPIRIT BLADE WARRIOR ANIMIST","3","Two L1 feats locks in Spirit Blade Adept + a second vessel-spell feat, matching the pace of the Half-Orc path.","Spirit Blade Adept"
"KM_Builds_A4.md","SPIRIT BLADE WARRIOR ANIMIST","1","Orc Ferocity + Spirit Blade Adept","Spirit Blade Adept"
"KM_Builds_A4.md","SPIRIT BLADE WARRIOR ANIMIST","4","Wandering Liturgist","Wandering Liturgist"
"KM_Builds_A4.md","SPIRIT BLADE WARRIOR ANIMIST","15","Legendary Liturgist","Legendary Liturgist"
"KM_Builds_A4.md","WANDERING APPARITION SUPPORT ANIMIST","4","Wandering Liturgist (add Apparition of Battle — attack bonus aura)","Wandering Liturgist"
"KM_Builds_A4.md","WANDERING APPARITION SUPPORT ANIMIST","6","Greater Wandering (add Apparition of Ancestors — skill bonus)","Greater Wandering"
"KM_Builds_A4.md","WANDERING APPARITION SUPPORT ANIMIST","15","Legendary Liturgist","Legendary Liturgist"
"KM_Builds_A4.md","PRIMAL ELEMENT BLASTER ANIMIST","3","Two L1 feats grabs Nimble Elf Dedication path + Elemental Blast Initiate simultaneously for faster damage scaling.","Elemental Blast Initiate"
"KM_Builds_A4.md","PRIMAL ELEMENT BLASTER ANIMIST","1","Nimble Elf (heritage, auto) + Otherworldly Magic (ancestry) + + Elemental Blast Initiate","Elemental Blast Initiate"
"KM_Builds_A4.md","PRIMAL ELEMENT BLASTER ANIMIST","2","Wandering Liturgist (support/utility apparition)","Wandering Liturgist"
"KM_Builds_A4.md","PRIMAL ELEMENT BLASTER ANIMIST","15","Legendary Liturgist","Legendary Liturgist"
"KM_Builds_A5.md","ESOTERIC TOXICOLOGIST ALCHEMIST","13","True Perpetual Infusions","True Perpetual Infusions"
"KM_Builds_A5.md","ESOTERIC TOXICOLOGIST ALCHEMIST","17","Perfect Mutagen","Perfect Mutagen"
"KM_Builds_A5.md","ARCANE ARTIFICER ALCHEMIST","13","True Perpetual Infusions","True Perpetual Infusions"
"KM_Builds_A5.md","ARCANE ARTIFICER ALCHEMIST","15","Mega Bomb","Mega Bomb"
"KM_Builds_A5.md","ARCANE ARTIFICER ALCHEMIST","17","Perfect Bombs","Perfect Bombs"
"KM_Builds_B3.md","DIRGE OF DOOM PURE BARD","15","Eternal Composition","Eternal Composition"
"KM_Builds_B3.md","DIRGE OF DOOM PURE BARD","20","Triumphant Inspiration","Triumphant Inspiration"
"KM_Builds_B3.md","POLYMATH ARCANE SPELLBOOK BARD","15","Eternal Composition","Eternal Composition"
"KM_Builds_B3.md","POLYMATH ARCANE SPELLBOOK BARD","20","Triumphant Inspiration","Triumphant Inspiration"
"KM_Builds_B3.md","ENIGMA STRATAGEM BARD","15","Eternal Composition","Eternal Composition"
"KM_Builds_B3.md","ENIGMA STRATAGEM BARD","20","Triumphant Inspiration","Triumphant Inspiration"
"KM_Builds_B3.md","MAESTRO EIDOLON BARD","15","Eternal Composition","Eternal Composition"
"KM_Builds_B3.md","MAESTRO EIDOLON BARD","20","Triumphant Inspiration","Triumphant Inspiration"
"KM_Builds_B3.md","WARRIOR MUSE PURE BARD","15","Eternal Composition","Eternal Composition"
"KM_Builds_B3.md","WARRIOR MUSE PURE BARD","20","Triumphant Inspiration","Triumphant Inspiration"
"KM_Builds_B4.md","VIRTUOSO MAESTRO","15","Eternal Composition","Eternal Composition"
"KM_Builds_B4.md","VIRTUOSO MAESTRO","20","Triumphant Inspiration","Triumphant Inspiration"
"KM_Builds_B4.md","WARRIOR MUSE MELEE BARD","15","Eternal Composition","Eternal Composition"
"KM_Builds_B4.md","WARRIOR MUSE MELEE BARD","20","Triumphant Inspiration","Triumphant Inspiration"
"KM_Builds_B4.md","POLYMATH SPELLBLADE BARD","15","Eternal Composition","Eternal Composition"
"KM_Builds_B4.md","POLYMATH SPELLBLADE BARD","20","Triumphant Inspiration","Triumphant Inspiration"
"KM_Builds_B4.md","ENIGMA SUPPORT BARD","15","Eternal Composition","Eternal Composition"
"KM_Builds_B4.md","ENIGMA SUPPORT BARD","20","Triumphant Inspiration","Triumphant Inspiration"
"KM_Builds_B4.md","MAESTRO AMP BARD","15","Eternal Composition","Eternal Composition"
"KM_Builds_B4.md","MAESTRO AMP BARD","20","Triumphant Inspiration","Triumphant Inspiration"
"KM_Builds_D.md","TACTICAL COMMANDER","4","Battlefield Coordination (2 tactics/turn)","Battlefield Coordination"
"KM_Builds_D.md","TACTICAL COMMANDER","10","Grand Tactics (3 tactics/turn)","Grand Tactics"
"KM_Builds_D.md","TACTICAL COMMANDER","11","Supreme Command (free-action tactics always)","Supreme Command"
"KM_Builds_D.md","TACTICAL COMMANDER","13","Legendary Commander","Legendary Commander"
"KM_Builds_D.md","TACTICAL COMMANDER","15","Unbreakable Formation","Unbreakable Formation"
"KM_Builds_D.md","TACTICAL COMMANDER","17","Perfect Tactician","Perfect Tactician"
"KM_Builds_D.md","TACTICAL COMMANDER","20","Army of One","Army of One"
"KM_Builds_D.md","RETRIBUTIVE BANNER COMMANDER","10","Grand Tactics","Grand Tactics"
"KM_Builds_D.md","RETRIBUTIVE BANNER COMMANDER","11","Supreme Command","Supreme Command"
"KM_Builds_D.md","RETRIBUTIVE BANNER COMMANDER","13","Legendary Commander","Legendary Commander"
"KM_Builds_D.md","RETRIBUTIVE BANNER COMMANDER","15","Unbreakable Formation","Unbreakable Formation"
"KM_Builds_D.md","RETRIBUTIVE BANNER COMMANDER","17","Perfect Tactician","Perfect Tactician"
"KM_Builds_D.md","RETRIBUTIVE BANNER COMMANDER","20","Army of One","Army of One"
"KM_Builds_D.md","STRATEGIST SPELLCASTER COMMANDER","10","Grand Tactics","Grand Tactics"
"KM_Builds_D.md","STRATEGIST SPELLCASTER COMMANDER","13","Legendary Commander","Legendary Commander"
"KM_Builds_D.md","STRATEGIST SPELLCASTER COMMANDER","15","Unbreakable Formation","Unbreakable Formation"
"KM_Builds_D.md","STRATEGIST SPELLCASTER COMMANDER","17","Perfect Tactician","Perfect Tactician"
"KM_Builds_D.md","STRATEGIST SPELLCASTER COMMANDER","20","Army of One","Army of One"
"KM_Builds_D.md","VANGUARD MELEE COMMANDER","4","Battlefield Coordination","Battlefield Coordination"
"KM_Builds_D.md","VANGUARD MELEE COMMANDER","10","Grand Tactics","Grand Tactics"
"KM_Builds_D.md","VANGUARD MELEE COMMANDER","11","Supreme Command","Supreme Command"
"KM_Builds_D.md","VANGUARD MELEE COMMANDER","13","Legendary Commander","Legendary Commander"
"KM_Builds_D.md","VANGUARD MELEE COMMANDER","15","Unbreakable Formation","Unbreakable Formation"
"KM_Builds_D.md","VANGUARD MELEE COMMANDER","17","Perfect Tactician","Perfect Tactician"
"KM_Builds_D.md","VANGUARD MELEE COMMANDER","20","Army of One","Army of One"
"KM_Builds_D.md","INSPIRATIONAL SUPPORT COMMANDER","4","Battlefield Coordination","Battlefield Coordination"
"KM_Builds_D.md","INSPIRATIONAL SUPPORT COMMANDER","10","Grand Tactics","Grand Tactics"
"KM_Builds_D.md","INSPIRATIONAL SUPPORT COMMANDER","11","Supreme Command","Supreme Command"
"KM_Builds_D.md","INSPIRATIONAL SUPPORT COMMANDER","13","Legendary Commander","Legendary Commander"
"KM_Builds_D.md","INSPIRATIONAL SUPPORT COMMANDER","15","Unbreakable Formation","Unbreakable Formation"
"KM_Builds_D.md","INSPIRATIONAL SUPPORT COMMANDER","17","Perfect Tactician","Perfect Tactician"
"KM_Builds_D.md","INSPIRATIONAL SUPPORT COMMANDER","20","Army of One","Army of One"
"KM_Builds_D.md","TACTICAL OVERLORD","13","Legendary Commander","Legendary Commander"
"KM_Builds_D.md","TACTICAL OVERLORD","17","Supreme Commander","Supreme Command"
"KM_Builds_D.md","TACTICAL OVERLORD","20","Army of One","Army of One"
"KM_Builds_D2.md","RALLYING BANNER COMMANDER","10","Grand Tactics","Grand Tactics"
"KM_Builds_D2.md","RALLYING BANNER COMMANDER","13","Legendary Commander","Legendary Commander"
"KM_Builds_D2.md","RALLYING BANNER COMMANDER","15","Unbreakable Formation","Unbreakable Formation"
"KM_Builds_D2.md","RALLYING BANNER COMMANDER","17","Perfect Tactician","Perfect Tactician"
"KM_Builds_D2.md","RALLYING BANNER COMMANDER","20","Army of One","Army of One"
"KM_Builds_D2.md","DEVISE STRATAGEM COMMANDER","5","Battlefield Coordination","Battlefield Coordination"
"KM_Builds_D2.md","DEVISE STRATAGEM COMMANDER","10","Grand Tactics","Grand Tactics"
"KM_Builds_D2.md","DEVISE STRATAGEM COMMANDER","11","Supreme Command","Supreme Command"
"KM_Builds_D2.md","DEVISE STRATAGEM COMMANDER","13","Legendary Commander","Legendary Commander"
"KM_Builds_D2.md","DEVISE STRATAGEM COMMANDER","15","Unbreakable Formation","Unbreakable Formation"
"KM_Builds_D2.md","DEVISE STRATAGEM COMMANDER","17","Perfect Tactician","Perfect Tactician"
"KM_Builds_D2.md","DEVISE STRATAGEM COMMANDER","20","Army of One","Army of One"
"KM_Builds_D2.md","REACTIVE VANGUARD COMMANDER","4","Battlefield Coordination","Battlefield Coordination"
"KM_Builds_D2.md","REACTIVE VANGUARD COMMANDER","10","Grand Tactics","Grand Tactics"
"KM_Builds_D2.md","REACTIVE VANGUARD COMMANDER","11","Supreme Command","Supreme Command"
"KM_Builds_D2.md","REACTIVE VANGUARD COMMANDER","13","Legendary Commander","Legendary Commander"
"KM_Builds_D2.md","REACTIVE VANGUARD COMMANDER","15","Unbreakable Formation","Unbreakable Formation"
"KM_Builds_D2.md","REACTIVE VANGUARD COMMANDER","17","Perfect Tactician","Perfect Tactician"
"KM_Builds_D2.md","REACTIVE VANGUARD COMMANDER","20","Army of One","Army of One"
"KM_Builds_D2.md","RALLYING HEALER COMMANDER","10","Grand Tactics","Grand Tactics"
"KM_Builds_D2.md","RALLYING HEALER COMMANDER","13","Legendary Commander","Legendary Commander"
"KM_Builds_D2.md","RALLYING HEALER COMMANDER","15","Unbreakable Formation","Unbreakable Formation"
"KM_Builds_D2.md","RALLYING HEALER COMMANDER","17","Perfect Tactician","Perfect Tactician"
"KM_Builds_D2.md","RALLYING HEALER COMMANDER","20","Army of One","Army of One"
"KM_Builds_G4.md","KINETIC + MAGUS","8","Hold-Scarred Diehard via Orc Blood keeps the hybrid upright after a Force Fang + Blast two-action turn gets counter-punched — one extra action to Channel Elements and disengage.","Force Fang"
"KM_Builds_G4.md","KINETIC + MAGUS","2","Magus Dedication (Spellstrike: Force Fang through Shortsword, Arcane Cascade)","Force Fang"
"KM_Builds_H.md","SPELLSTRIKE HYBRID","9","Access to Elven Weapon Familiarity lets you retrain into an elven curve blade while keeping Human bonus feat for Force Fang.","Force Fang"
"KM_Builds_H.md","SPELLSTRIKE HYBRID","1","Natural Ambition + Force Fang","Force Fang"
"KM_Builds_H.md","DIMENSIONAL STRIKER MAGUS","1","Natural Ambition + Force Fang","Force Fang"
"KM_Builds_H.md","TWISTING TREE","1","Natural Ambition + Force Fang","Force Fang"
"KM_Builds_H.md","PSYCHIC AMP + MAGUS","2","Natural Ambition picks up Force Fang free so your L1 feat slot goes to Psychic Dedication setup instead, compressing the combo by a full level.","Force Fang"
"KM_Builds_H.md","PSYCHIC AMP + MAGUS","5","Nanite Surge +2 to the finesse Spellstrike attack roll lines up with an Amped Force Fang turn for a high-confidence crit.","Force Fang"
"KM_Builds_H.md","PSYCHIC AMP + MAGUS","1","Fey-Touched (heritage, auto) + Animal Accomplice (ancestry) + + Force Fang","Force Fang"
"KM_Builds_H.md","PSYCHIC AMP + MAGUS","2","Psychic Dedication (Amped Force Fang 4d4+4)","Force Fang"
"KM_Builds_H.md","PSYCHIC AMP + MAGUS","13","Apex Amp (maximize Force Fang dice)","Force Fang"
"KM_Builds_H.md","WARPRIEST STRIKE + CLERIC","1","Natural Ambition + Force Fang","Force Fang"
"KM_Builds_H.md","PURE SPELLSTRIKE","1","Adopted Ancestry + Force Fang","Force Fang"
"KM_Builds_H2.md","EXEMPLAR IKON + MAGUS","1","Natural Ambition + Force Fang","Force Fang"
"KM_Builds_H2.md","IMPULSE SPELLSTRIKE MAGUS","1","Natural Ambition + Force Fang","Force Fang"
"KM_Builds_H2.md","POWER ATTACK ACCURACY MAGUS","1","Natural Ambition + Force Fang","Force Fang"
"KM_Builds_H2.md","SUPPORT MAGUS","1","Adopted Ancestry + Force Fang","Force Fang"
"KM_Builds_H4.md","KI SPELLBLADE + MAGUS","5","Nanite Surge +2 on the Flurry Spellstrike attack — the second Flurry hit carrying Force Fang is worth guaranteeing 1/day.","Force Fang"
"KM_Builds_H4.md","KI SPELLBLADE + MAGUS","3","Basic Arcana (Force Fang focus)","Force Fang"
"KM_Builds_I2.md","PURE MYSTERY SPELLBLADE","3","Basic Arcana (Force Fang focus)","Force Fang"
"KM_Builds_I3.md","FLURRY HUNTER (TWIN + PRECISION)","17","Legendary Hunter","Legendary Hunter"
"KM_Builds_I3.md","PURE FLURRY (NO DEDICATION)","17","Legendary Hunter","Legendary Hunter"
"KM_Builds_I5.md","MINDSMITH WEAPON + MAGUS","4","Basic Arcana (Force Fang focus)","Force Fang"
"KM_Builds_J.md","DRACONIC BLOODLINE BLASTER","11","Bloodline Perfection","Bloodline Perfection"
"KM_Builds_J.md","DRACONIC BLOODLINE BLASTER","17","Apex Bloodline (Dragon Form 1/day)","Apex Bloodline"
"KM_Builds_J.md","ELEMENTAL BLOODLINE + KINETICIST","17","Apex Bloodline","Apex Bloodline"
"KM_Builds_J.md","PSYCHIC BLOODLINE AMP","17","Apex Bloodline (Dominate focus)","Apex Bloodline"
"KM_Builds_J.md","SHADOW BLOODLINE CONTROL","15","Greater Bloodline Spells","Greater Bloodline Spells"
"KM_Builds_J.md","SHADOW BLOODLINE CONTROL","17","Apex Bloodline (become shadow)","Apex Bloodline"
"KM_Builds_J.md","PURE SPONTANEOUS BLASTER","11","Bloodline Perfection","Bloodline Perfection"
"KM_Builds_J.md","PURE SPONTANEOUS BLASTER","17","Apex Bloodline (Wish 1/day)","Apex Bloodline"
"KM_Builds_J.md","DIVINE BLOODLINE + CLERIC","17","Apex Bloodline (resurrection 1/day)","Apex Bloodline"
"KM_Builds_J2.md","ELDRITCH TRICKSTER + PSYCHIC","17","Apex Trickster (Sneak dice to area spells)","Apex Trickster"
"KM_Builds_J4.md","ABERRANT BLOODLINE SUPPORT","15","Greater Bloodline Spells","Greater Bloodline Spells"
"KM_Builds_J4.md","ABERRANT BLOODLINE SUPPORT","17","Apex Bloodline (True Dominate 1/day)","Apex Bloodline"
"KM_Builds_J4.md","STORM BLOODLINE + DRUID","17","Apex Bloodline (Control Weather at will)","Apex Bloodline"
"KM_Builds_J4.md","TRANSCENDENCE SORCERER","4","Basic Transcendence (1/day surge)","Basic Transcendence"
"KM_Builds_J4.md","TRANSCENDENCE SORCERER","6","Advanced Transcendence (2nd Ikon)","Advanced Transcendence"
"KM_Builds_J4.md","TRANSCENDENCE SORCERER","8","Transcendence Share (ally bonus)","Transcendence Share"
"KM_Builds_J4.md","TRANSCENDENCE SORCERER","10","Master Transcendence (2/day surge)","Master Transcendence"
"KM_Builds_J4.md","TRANSCENDENCE SORCERER","11","Bloodline Perfection","Bloodline Perfection"
"KM_Builds_J4.md","TRANSCENDENCE SORCERER","17","Apex Bloodline (Dragon Form during surge = nuke)","Apex Bloodline"
"KM_Builds_J4.md","BLOODLINE SUPPORT BUFFER","17","Apex Bloodline (party-wide Inspire Legend)","Apex Bloodline"
"KM_Builds_K2.md","MARTIAL EIDOLON + MAGUS (SPELLSTRIKE PET)","15","Legendary Eidolon","Legendary Eidolon"
"KM_Builds_K2.md","MARTIAL EIDOLON + MAGUS (SPELLSTRIKE PET)","17","Infinite Aspect","Infinite Aspect"
"KM_Builds_K2.md","MARTIAL EIDOLON + MAGUS (SPELLSTRIKE PET)","20","True Eidolon","True Eidolon"
"KM_Builds_K2.md","PLANT EIDOLON TANK + GUARDIAN","15","Legendary Eidolon","Legendary Eidolon"
"KM_Builds_K2.md","PLANT EIDOLON TANK + GUARDIAN","17","Infinite Aspect","Infinite Aspect"
"KM_Builds_K2.md","PLANT EIDOLON TANK + GUARDIAN","20","True Eidolon","True Eidolon"
"KM_Builds_K2.md","SPELLCASTING SUMMONER + BARD","15","Legendary Eidolon","Legendary Eidolon"
"KM_Builds_K2.md","SPELLCASTING SUMMONER + BARD","17","Infinite Aspect","Infinite Aspect"
"KM_Builds_K2.md","SPELLCASTING SUMMONER + BARD","20","True Eidolon","True Eidolon"
"KM_Builds_K2.md","DRAGON EIDOLON BLASTER","15","Legendary Eidolon","Legendary Eidolon"
"KM_Builds_K2.md","DRAGON EIDOLON BLASTER","17","Infinite Aspect","Infinite Aspect"
"KM_Builds_K2.md","DRAGON EIDOLON BLASTER","20","True Eidolon","True Eidolon"
"KM_Builds_K2.md","PURE EIDOLON STRIKER (NO DIP)","15","Legendary Eidolon","Legendary Eidolon"
"KM_Builds_K2.md","PURE EIDOLON STRIKER (NO DIP)","17","Infinite Aspect","Infinite Aspect"
"KM_Builds_K2.md","PURE EIDOLON STRIKER (NO DIP)","20","True Eidolon","True Eidolon"
"KM_Builds_K2.md","INCARNATE + EXEMPLAR (TRANSCENDENCE EIDOLON)","6","Multitalented allows Exemplar Dedication at L2 without a class feat slot, preserving the eidolon evolution chain that the Transcendence Share at L8 depends on.","Transcendence Share"
"KM_Builds_K2.md","INCARNATE + EXEMPLAR (TRANSCENDENCE EIDOLON)","4","Basic Transcendence (surge 1/day)","Basic Transcendence"
"KM_Builds_K2.md","INCARNATE + EXEMPLAR (TRANSCENDENCE EIDOLON)","6","Advanced Transcendence (2nd Ikon)","Advanced Transcendence"
"KM_Builds_K2.md","INCARNATE + EXEMPLAR (TRANSCENDENCE EIDOLON)","8","Transcendence Share (eidolon gains surge)","Transcendence Share"
"KM_Builds_K2.md","INCARNATE + EXEMPLAR (TRANSCENDENCE EIDOLON)","10","Master Transcendence (2/day)","Master Transcendence"
"KM_Builds_K2.md","INCARNATE + EXEMPLAR (TRANSCENDENCE EIDOLON)","15","Legendary Eidolon","Legendary Eidolon"
"KM_Builds_K2.md","INCARNATE + EXEMPLAR (TRANSCENDENCE EIDOLON)","20","True Eidolon","True Eidolon"
"KM_Builds_K3.md","ANIMAL EIDOLON + RANGER (COMPANION SYNERGY)","2","Ranger Dedication (Hunt Prey shared)","Hunt Prey shared"
"KM_Builds_K3.md","ANIMAL EIDOLON + RANGER (COMPANION SYNERGY)","4","Basic Hunter (Flurry/Precision Edge shared)","Basic Hunter"
"KM_Builds_K3.md","ANIMAL EIDOLON + RANGER (COMPANION SYNERGY)","6","Expert Hunter","Expert Hunter"
"KM_Builds_K3.md","ANIMAL EIDOLON + RANGER (COMPANION SYNERGY)","10","Master Hunter","Master Hunter"
"KM_Builds_K3.md","ANIMAL EIDOLON + RANGER (COMPANION SYNERGY)","13","Legendary Hunter","Legendary Hunter"
"KM_Builds_K3.md","ANIMAL EIDOLON + RANGER (COMPANION SYNERGY)","15","Legendary Eidolon","Legendary Eidolon"
"KM_Builds_K3.md","ANIMAL EIDOLON + RANGER (COMPANION SYNERGY)","17","Infinite Aspect","Infinite Aspect"
"KM_Builds_K3.md","ANIMAL EIDOLON + RANGER (COMPANION SYNERGY)","20","True Eidolon","True Eidolon"
"KM_Builds_K3.md","PHANTOM EIDOLON SUPPORT","15","Legendary Eidolon","Legendary Eidolon"
"KM_Builds_K3.md","PHANTOM EIDOLON SUPPORT","17","Infinite Aspect (aura 20 ft)","Infinite Aspect"
"KM_Builds_K3.md","PHANTOM EIDOLON SUPPORT","20","True Eidolon","True Eidolon"
"KM_Builds_K3.md","CONSTRUCT EIDOLON + INVENTOR","15","Legendary Eidolon","Legendary Eidolon"
"KM_Builds_K3.md","CONSTRUCT EIDOLON + INVENTOR","17","Infinite Aspect","Infinite Aspect"
"KM_Builds_K3.md","CONSTRUCT EIDOLON + INVENTOR","20","True Eidolon","True Eidolon"
"KM_Builds_K3.md","UTILITY SUMMONER (FLEXIBLE PET CONTROL)","15","Legendary Eidolon","Legendary Eidolon"
"KM_Builds_K3.md","UTILITY SUMMONER (FLEXIBLE PET CONTROL)","17","Infinite Aspect (any evolution 1/day)","Infinite Aspect"
"KM_Builds_K3.md","UTILITY SUMMONER (FLEXIBLE PET CONTROL)","20","True Eidolon","True Eidolon"
"KM_Builds_L.md","REGALIA THAUMATURGE","15","Legendary Exploit","Legendary Exploit"
"KM_Builds_L.md","REGALIA THAUMATURGE","17","Wonder Worker (legendary esoterica unlocked — pinnacle implement effects)","Wonder Worker"
"KM_Builds_L.md","REGALIA THAUMATURGE","20","Ultimate Esoterica","Ultimate Esoterica"
"KM_Builds_L.md","WEAPON IMPLEMENT + FIGHTER","15","Legendary Exploit","Legendary Exploit"
"KM_Builds_L.md","WEAPON IMPLEMENT + FIGHTER","17","Perfect Implement","Perfect Implement"
"KM_Builds_L.md","WEAPON IMPLEMENT + FIGHTER","20","Ultimate Esoterica","Ultimate Esoterica"
"KM_Builds_L.md","CURSED SABOTEUR (Bell + Wand + Mirror)","15","Legendary Exploit","Legendary Exploit"
"KM_Builds_L.md","CURSED SABOTEUR (Bell + Wand + Mirror)","17","Perfect Implement","Perfect Implement"
"KM_Builds_L.md","CURSED SABOTEUR (Bell + Wand + Mirror)","20","Ultimate Esoterica","Ultimate Esoterica"
"KM_Builds_L.md","TOME IMPLEMENT + INVESTIGATOR","13","Supreme Implement","Supreme Implement"
"KM_Builds_L.md","TOME IMPLEMENT + INVESTIGATOR","15","Legendary Exploit","Legendary Exploit"
"KM_Builds_L.md","TOME IMPLEMENT + INVESTIGATOR","17","Perfect Implement","Perfect Implement"
"KM_Builds_L.md","TOME IMPLEMENT + INVESTIGATOR","20","Ultimate Esoterica","Ultimate Esoterica"
"KM_Builds_L.md","PURE IMPLEMENT EXPLOITER (NO DIP)","13","Supreme Implement","Supreme Implement"
"KM_Builds_L.md","PURE IMPLEMENT EXPLOITER (NO DIP)","15","Legendary Exploit","Legendary Exploit"
"KM_Builds_L.md","PURE IMPLEMENT EXPLOITER (NO DIP)","17","Perfect Implement","Perfect Implement"
"KM_Builds_L.md","PURE IMPLEMENT EXPLOITER (NO DIP)","20","Ultimate Esoterica","Ultimate Esoterica"
"KM_Builds_L.md","CHALICE IMPLEMENT SUPPORT","13","Supreme Implement","Supreme Implement"
"KM_Builds_L.md","CHALICE IMPLEMENT SUPPORT","15","Legendary Exploit","Legendary Exploit"
"KM_Builds_L.md","CHALICE IMPLEMENT SUPPORT","17","Perfect Implement","Perfect Implement"
"KM_Builds_L.md","CHALICE IMPLEMENT SUPPORT","20","Ultimate Esoterica","Ultimate Esoterica"
"KM_Builds_L2.md","SPIRIT PATRON + ANIMIST","13","True Lesson","True Lesson"
"KM_Builds_L2.md","SPIRIT PATRON + ANIMIST","17","Grand Lesson","Grand Lesson"
"KM_Builds_L2.md","SPIRIT PATRON + ANIMIST","20","Coven Spell","Coven Spell"
"KM_Builds_L2.md","LESSON OF LIFE HEAL WITCH","13","True Lesson","True Lesson"
"KM_Builds_L2.md","LESSON OF LIFE HEAL WITCH","17","Grand Lesson","Grand Lesson"
"KM_Builds_L2.md","LESSON OF LIFE HEAL WITCH","20","Coven Spell","Coven Spell"
"KM_Builds_L2.md","THE HEX-BOUND SHEPHERD","2","Wellspring's free 1st-level spell stacks an extra debuff or curse-adjacent slot beyond the Enfeeblement Hex chain — more curses per encounter.","Enfeeblement Hex"
"KM_Builds_L2.md","THE HEX-BOUND SHEPHERD","3","Inverted thematic — a celestial host channeling resentment hexes makes the Major Curse + Patron's Transformation late-game fall feel earned.","Major Curse"
"KM_Builds_L2.md","THE HEX-BOUND SHEPHERD","8","Will bonus closes the WIS 12 defensive gap — mental save resistance protects the curse caster from being shut down before Reflective Ripple lands.","Reflective Ripple"
"KM_Builds_L2.md","THE HEX-BOUND SHEPHERD","10","Free light cantrip on the familiar's action budget keeps the Raven free to deliver Enfeeblement Hex every round without splitting attention.","Enfeeblement Hex"
"KM_Builds_L2.md","THE HEX-BOUND SHEPHERD","4","Major Curse (Enfeebled 2 instead of 1)","Major Curse"
"KM_Builds_L2.md","THE HEX-BOUND SHEPHERD","6","Reflective Ripple (target's save success rebounds hex back at half)","Reflective Ripple"
"KM_Builds_L2.md","THE HEX-BOUND SHEPHERD","13","True Lesson","True Lesson"
"KM_Builds_L2.md","THE HEX-BOUND SHEPHERD","17","Grand Lesson","Grand Lesson"
"KM_Builds_L2.md","THE HEX-BOUND SHEPHERD","20","Coven Spell","Coven Spell"
"KM_Builds_L2.md","PURE UTILITY WITCH","13","True Lesson","True Lesson"
"KM_Builds_L2.md","PURE UTILITY WITCH","17","Grand Lesson","Grand Lesson"
"KM_Builds_L2.md","PURE UTILITY WITCH","20","Coven Spell","Coven Spell"
"KM_Builds_L3.md","PSYCHIC AMP + THAUMATURGE","13","Supreme Implement","Supreme Implement"
"KM_Builds_L3.md","PSYCHIC AMP + THAUMATURGE","15","Legendary Exploit","Legendary Exploit"
"KM_Builds_L3.md","PSYCHIC AMP + THAUMATURGE","17","Perfect Implement","Perfect Implement"
"KM_Builds_L3.md","PSYCHIC AMP + THAUMATURGE","20","Ultimate Esoterica","Ultimate Esoterica"
"KM_Builds_L3.md","IKON IMPLEMENT THAUMATURGE","4","Basic Transcendence (1 surge/day)","Basic Transcendence"
"KM_Builds_L3.md","IKON IMPLEMENT THAUMATURGE","10","Master Transcendence (3 surges/day)","Master Transcendence"
"KM_Builds_L3.md","IKON IMPLEMENT THAUMATURGE","13","Supreme Implement","Supreme Implement"
"KM_Builds_L3.md","IKON IMPLEMENT THAUMATURGE","15","Legendary Exploit","Legendary Exploit"
"KM_Builds_L3.md","IKON IMPLEMENT THAUMATURGE","17","Perfect Implement","Perfect Implement"
"KM_Builds_L3.md","IKON IMPLEMENT THAUMATURGE","20","Ultimate Esoterica","Ultimate Esoterica"
"KM_Builds_L3.md","ROGUE SNEAK + THAUMATURGE","13","Supreme Implement","Supreme Implement"
"KM_Builds_L3.md","ROGUE SNEAK + THAUMATURGE","15","Legendary Exploit","Legendary Exploit"
"KM_Builds_L3.md","ROGUE SNEAK + THAUMATURGE","17","Perfect Implement","Perfect Implement"
"KM_Builds_L3.md","ROGUE SNEAK + THAUMATURGE","20","Ultimate Esoterica","Ultimate Esoterica"
"KM_Builds_L3.md","PURE SUPPORT THAUMATURGE","13","Supreme Implement","Supreme Implement"
"KM_Builds_L3.md","PURE SUPPORT THAUMATURGE","15","Legendary Exploit","Legendary Exploit"
"KM_Builds_L3.md","PURE SUPPORT THAUMATURGE","17","Perfect Implement","Perfect Implement"
"KM_Builds_L3.md","PURE SUPPORT THAUMATURGE","20","Ultimate Esoterica","Ultimate Esoterica"
"KM_Builds_L4.md","FAMILIAR WITCH + ALCHEMIST","17","Grand Lesson","Grand Lesson"
"KM_Builds_L4.md","FAMILIAR WITCH + ALCHEMIST","20","Coven Spell","Coven Spell"
"KM_Builds_L4.md","HEX MAGUS","13","True Lesson","True Lesson"
"KM_Builds_L4.md","HEX MAGUS","17","Grand Lesson","Grand Lesson"
"KM_Builds_L4.md","HEX MAGUS","20","Coven Spell","Coven Spell"
"KM_Builds_L4.md","PATRON SPELL ACCESS + WIZARD","13","True Lesson","True Lesson"
"KM_Builds_L4.md","PATRON SPELL ACCESS + WIZARD","17","Grand Lesson","Grand Lesson"
"KM_Builds_L4.md","PATRON SPELL ACCESS + WIZARD","20","Coven Spell","Coven Spell"
"KM_Builds_L4.md","CACKLE SUPPORT + BARD","13","True Lesson","True Lesson"
"KM_Builds_L4.md","CACKLE SUPPORT + BARD","17","Grand Lesson","Grand Lesson"
"KM_Builds_L4.md","CACKLE SUPPORT + BARD","20","Coven Spell","Coven Spell"
"KM_Builds_L4.md","PURE HEX DEBUFF (NO DIP)","13","True Lesson","True Lesson"
"KM_Builds_L4.md","PURE HEX DEBUFF (NO DIP)","17","Grand Lesson","Grand Lesson"
"KM_Builds_L4.md","PURE HEX DEBUFF (NO DIP)","20","Coven Spell","Coven Spell"
"KM_Builds_L4.md","BEASTBOUND FAMILIAR + DRUID","17","Grand Lesson","Grand Lesson"
"KM_Builds_L4.md","BEASTBOUND FAMILIAR + DRUID","20","Coven Spell","Coven Spell"
"KM_Builds_M.md","SPELLBOOK BLASTER + PSYCHIC","17","Spell Combination Mastery","Spell Combination Mastery"
"KM_Builds_M.md","SCHOOL SPECIALIST + MAGUS","17","Spell Combination Mastery","Spell Combination Mastery"
"KM_Builds_M.md","BONDED ITEM + ALCHEMIST","17","Spell Combination Mastery","Spell Combination Mastery"
"KM_Builds_M.md","UNIVERSALIST UTILITY + INVESTIGATOR","17","Spell Combination Mastery","Spell Combination Mastery"
"KM_Builds_M.md","PURE PREPARED BLASTER (NO DIP)","17","Spell Combination Mastery","Spell Combination Mastery"
"KM_Builds_M.md","STAFF SPECIALIST + CLERIC","17","Spell Combination Mastery","Spell Combination Mastery"
"KM_Builds_M2.md","FAMILIAR WIZARD + WITCH","17","Spell Combination Mastery","Spell Combination Mastery"
"KM_Builds_M2.md","BATTLE MAGIC + FIGHTER","17","Spell Combination Mastery","Spell Combination Mastery"
"KM_Builds_M2.md","IKON MAGE WIZARD","3","Basic Transcendence (1 surge/day)","Basic Transcendence"
"KM_Builds_M2.md","IKON MAGE WIZARD","10","Master Transcendence (3 surges/day)","Master Transcendence"
"KM_Builds_M2.md","IKON MAGE WIZARD","17","Spell Combination Mastery","Spell Combination Mastery"
"KM_Builds_M2.md","SUPPORT CONTROL WIZARD","17","Spell Combination Mastery","Spell Combination Mastery"
